id,name,contact_info,age
p001,John Doe,123-456-7890,35
p002,Jane Smith,987-654-3210,30
p003,Michael Johnson,555-123-4567,45
p004,Emily Davis,111-222-3333,28
p005,Chris Wilson,444-555-6666,12
p006,Sarah Brown,777-888-9999,9
p007,David Miller,222-333-4444,40
p008,Amy Taylor,666-777-8888,32
p009,Brian White,999-000-1111,8
p010,Lisa Anderson,333-444-5555,27
p011,Mark Turner,888-999-0000,38
p012,Julia Garcia,456-789-0123,7
p013,Kevin Brown,321-654-9876,42
p014,Anna Martinez,789-012-3456,31
p015,Robert Johnson,234-567-8901,26
p016,Megan Davis,567-890-1234,33
p017,James Wilson,123-234-5678,48
p018,Amanda White,345-678-9012,11
p019,Matthew Smith,678-901-2345,37
p020,Olivia Taylor,901-234-5678,28
p021,Christopher Lee,345-678-9123,39
p022,Emma Walker,567-891-2345,6
p023,Brandon Clark,789-123-4567,41
p024,Sophia Turner,234-567-8901,30
p025,Michaela Brown,456-789-0123,35
p026,Daniel Davis,678-901-2345,9
p027,Grace Wilson,890-123-4567,32
p028,Justin White,123-456-7890,44
p029,Ella Martinez,345-678-9012,5
p030,Andrew Johnson,567-890-1234,37
p031,Chloe Smith,789-012-3456,11
p032,Ryan Taylor,012-345-6789,40
p033,Isabella Wilson,234-567-8901,9
p034,Jeffrey Clark,456-789-0123,49
p035,Natalie Turner,678-901-2345,8
p036,Jeremy Davis,890-123-4567,36
p037,Lily Brown,123-456-7890,4
p038,Carlos Smith,345-678-9012,38
p039,Kylie Martinez,567-890-1234,3
p040,Tyler Johnson,789-012-3456,42
p041,Abigail Taylor,012-345-6789,7
p042,Dylan White,234-567-8901,33
p043,Samantha Wilson,456-789-0123,10
p044,Aiden Turner,678-901-2345,6
p045,Sophie Davis,890-123-4567,31
p046,Logan Brown,123-456-7890,48
p047,Evelyn Smith,345-678-9012,5
p048,Jackson Martinez,567-890-1234,37
p049,Harper Johnson,789-012-3456,2
p050,Owen Taylor,012-345-6789,39
p051,Addison Wilson,234-567-8901,30
p052,Nathan Clark,456-789-0123,45
p053,Zoe Turner,678-901-2345,1
p054,Liam Davis,890-123-4567,35
p055,Ava Brown,123-456-7890,6
p056,Cooper Smith,345-678-9012,41
p057,Emily Martinez,567-890-1234,3
p058,Ethan Johnson,789-012-3456,4
p059,Charlotte Taylor,012-345-6789,37
p060,Mason Wilson,234-567-8901,5
p061,Scarlett Clark,456-789-0123,38
p062,Jack Turner,678-901-2345,7
p063,Hannah Davis,890-123-4567,32
p064,David Smith,123-456-7890,43
p065,Leah Martinez,345-678-9012,2
p066,Connor Johnson,567-890-1234,6
p067,Lillian Taylor,789-012-3456,28
p068,Gavin Wilson,012-345-6789,39
p069,Isaac Clark,234-567-8901,3
p070,Avery Turner,456-789-0123,4
p071,Ella Davis,678-901-2345,8
p072,Brayden Smith,890-123-4567,3
p073,Mia Martinez,123-456-7890,5
p074,Caleb Johnson,345-678-9012,6
p075,Sofia Taylor,567-890-1234,48
p076,Lucas Wilson,789-012-3456,1
p077,Evelyn Clark,012-345-6789,4
p078,Aiden Turner,234-567-8901,3
p079,Aria Davis,456-789-0123,6
p080,Nolan Smith,678-901-2345,4
p081,Audrey Martinez,890-123-4567,2
p082,Landon Johnson,123-456-7890,8
p083,Aaliyah Taylor,345-678-9012,5
p084,Grayson Wilson,567-890-1234,6
p085,Sophie Clark,789-012-3456,7
p086,Oliver Turner,012-345-6789,4
p087,Amelia Davis,234-567-8901,6
p088,Logan Smith,456-789-0123,8
p089,Lily Johnson,678-901-2345,9
p090,Mason Taylor,890-123-4567,2
p091,Zoe Wilson,123-456-7890,4
p092,Liam Clark,345-678-9012,3
p093,Emma Turner,567-890-1234,1
p094,Jackson Davis,789-012-3456,7
p095,Ava Smith,012-345-6789,6
p096,Olivia Johnson,234-567-8901,3
p097,Noah Taylor,456-789-0123,2
p098,Isabella Wilson,678-901-2345,5
p099,Ethan Clark,890-123-4567,4
p100,Sophia Turner,123-456-7890,7
